471,0.000841,0.000489
1627,0.0086746,0.0064703
561,0.0009791,0.0006998
105,4.49e-05,3.11e-05
165,7.41e-05,6.59e-05
201,0.0001123,9.62e-05
332,0.000363,0.0002452
668,0.0013243,0.0009849
978,0.0028008,0.0020598
1361,0.0061724,0.0040657
551,0.0009577,0.0006744
1250,0.0051073,0.0038177
1886,0.0140415,0.0086314
1005,0.0032015,0.0022033
589,0.0010024,0.000804
356,0.000334,0.0002733
907,0.0025855,0.0017944
182,9.92e-05,7.69e-05
1150,0.0041489,0.002907
931,0.0024928,0.0018601
1616,0.0084778,0.0057439
1483,0.0075786,0.0049168
58,1.42e-05,1.29e-05
846,0.0020802,0.0015561
1942,0.0124454,0.0083648
1137,0.0040339,0.0029968
745,0.0016912,0.0012264
1624,0.0085539,0.005801
248,0.0001519,0.0001379
102,4.89e-05,3.58e-05
1416,0.0065234,0.0046277
1153,0.004212,0.0028616
1830,0.0109481,0.0072453
211,0.0001285,0.0001293
1057,0.0036366,0.002522
930,0.0024854,0.0018976
1319,0.0055389,0.0040396
564,0.0014214,0.0009744
1904,0.0127697,0.007862
666,0.0015736,0.0012171
601,0.0010539,0.0007939
1914,0.0127044,0.0079652
1928,0.0129875,0.0081574
1290,0.0058516,0.0036232
1617,0.0101976,0.0056796
1142,0.004431,0.0030154
1017,0.0032414,0.0023211
1042,0.0032996,0.0024226
1778,0.0108306,0.0069067
97,5.6e-05,3.4e-05
955,0.0026406,0.0019573
519,0.0007409,0.0006049
331,0.0002836,0.0002392
838,0.0020988,0.0015153
1293,0.0051933,0.0036146
1918,0.0118675,0.0086816
659,0.0013487,0.0010194
1175,0.0054839,0.0042385
488,0.001022,0.0008484
605,0.0008852,0.0009145
1227,0.005873,0.0062539
254,0.0002596,0.0002541
216,0.0001393,0.0001384
1465,0.0090336,0.0063936
253,0.0001968,0.0002386
1954,0.0130855,0.0084757
168,0.0001055,6.8e-05
858,0.0019503,0.0016365
854,0.002057,0.0015567
869,0.0022136,0.0016402
1561,0.0075124,0.0052709
812,0.0018273,0.001492
88,3.67e-05,3.31e-05
90,7.85e-05,2.5e-05
1542,0.0079015,0.0056463
1943,0.0131774,0.0106365
1123,0.0042065,0.0028737
1119,0.003687,0.0029054
934,0.0025554,0.001975
7,3.9e-06,2.5e-06
608,0.001138,0.0009135
1408,0.006281,0.0044633
1660,0.0089246,0.0063822
1289,0.0055907,0.0036478
695,0.0012936,0.0010866
618,0.0009064,0.0008622
402,0.0003932,0.000368
1522,0.007262,0.0050235
93,3.67e-05,0.0001002
726,0.0013398,0.0011722
799,0.0016504,0.0013905
3,2.1e-06,1.3e-06
1725,0.009438,0.0064669
1776,0.0097009,0.0071316
277,0.0002049,0.0002132
784,0.001787,0.0013484
1578,0.0076575,0.0055425
1017,0.0029813,0.0022752
1409,0.0061903,0.0043437
1916,0.0118123,0.0081931
312,0.0002419,0.0002151
1659,0.0097635,0.0063284
1553,0.0074855,0.0052359
25,9.1e-06,6.51e-05
1577,0.0079145,0.0056554
1866,0.0108561,0.0074945
381,0.0003588,0.0003642
1000,0.0028283,0.0021617
880,0.0020816,0.0017297
351,0.0003248,0.0002988
1319,0.0054325,0.0040024
45,1.22e-05,9.4e-06
1248,0.0046586,0.0037307
563,0.000716,0.0008204
685,0.0010038,0.0010336
1691,0.009055,0.0063106
209,0.0001355,0.0001049
406,0.0004084,0.00045
298,0.0001956,0.0001927
516,0.0006007,0.000697
736,0.0017044,0.0015506
484,0.0007811,0.0007056
765,0.0013347,0.0013107
1850,0.0115742,0.0076425
1720,0.0091692,0.0076033
1824,0.0113176,0.0083159
1686,0.0093172,0.0069473
889,0.0019257,0.0017736
1067,0.0031814,0.0026562
158,7.34e-05,6.05e-05
1970,0.0119503,0.0101586
995,0.0027843,0.0021872
1409,0.005499,0.0045829
1936,0.0114226,0.0088445
329,0.0002479,0.0002922
617,0.0008033,0.0008406
1736,0.0101806,0.0092137
98,3.23e-05,0.0001105
632,0.0008825,0.0009025
1909,0.0114004,0.0079644
998,0.0025847,0.0024189
636,0.0009281,0.0009388
1883,0.0114474,0.0081637
1964,0.0148033,0.0119542
1556,0.0075179,0.0056053
758,0.0013277,0.0013005
1468,0.0065488,0.0046504
596,0.0009785,0.000828
807,0.0012792,0.0017354
281,0.0001927,0.000217
1296,0.004709,0.003833
381,0.0003497,0.000392
460,0.0006376,0.0007377
714,0.0009435,0.0011247
745,0.001218,0.0011952
1239,0.0041472,0.0035738
952,0.0023139,0.0020062
1668,0.0090932,0.0060371
506,0.0007228,0.00069
1560,0.0070378,0.00549
1513,0.0068599,0.0051219
1217,0.0041348,0.0032291
46,6.32e-05,1.19e-05
15,6.5e-06,3.4e-06
1861,0.0115697,0.0075705
416,0.0004016,0.0003823
409,0.0003277,0.0003574
685,0.0008934,0.0011124
1023,0.0025978,0.0022592
327,0.0002662,0.0002871
1431,0.0063222,0.0044246
201,0.0001285,0.0001059
1134,0.0036102,0.0028399
1502,0.0086977,0.0049689
1603,0.0088715,0.0055293
926,0.0022554,0.0020303
1026,0.0029102,0.002388
173,8.38e-05,7.37e-05
46,1.23e-05,9.2e-06
14,3.1e-06,2.4e-06
1116,0.0035159,0.00273
78,2.96e-05,2.28e-05
1136,0.0036282,0.0027609
329,0.000333,0.0002938
27,6.5e-06,9.1e-06
1373,0.0061877,0.0042313
23,7.8e-06,5.6e-06
712,0.0011246,0.0011778
1359,0.0054863,0.0040426
1248,0.0045708,0.0039513
1174,0.004189,0.0030335
760,0.0013327,0.0012791
1187,0.0037127,0.0032834
574,0.0009298,0.0008088
535,0.0006777,0.00062
742,0.0011427,0.0012839
217,0.0001503,0.0001392
979,0.0025121,0.0020883
1553,0.0076113,0.0051819
1459,0.0064916,0.0048004
1998,0.0140713,0.0113756
62,6.97e-05,1.77e-05
1478,0.0063251,0.0048568
1073,0.0031954,0.0024784
1484,0.0067261,0.004814
1848,0.0102115,0.0073064
475,0.0004883,0.0005015
1855,0.0112466,0.0074956
942,0.0021607,0.001967
1228,0.0045444,0.0035479
670,0.0008444,0.0009847
831,0.0016453,0.0017578
1187,0.003783,0.0032809
171,0.0001484,8.97e-05
207,0.0001063,0.0001045
931,0.0020829,0.0018513
315,0.0001987,0.0002177
1631,0.0080243,0.0057149
1554,0.0072779,0.005196
702,0.001014,0.0010719
1335,0.0049305,0.0039172
472,0.0006331,0.0004782
342,0.0003215,0.0002504
879,0.0017143,0.0016562
1894,0.0106714,0.0077367
956,0.0022668,0.0021886
498,0.0005407,0.000602
697,0.0011144,0.0011055
220,0.0001967,0.0001378
1867,0.0105076,0.0074715
1370,0.0056918,0.0040353
341,0.0002598,0.0003236
150,6.26e-05,5.5e-05
389,0.0002961,0.0003274
693,0.0011279,0.0010418
261,0.0001604,0.0001912
1805,0.0101974,0.007004
458,0.0006566,0.0005715
878,0.0017999,0.0017137
1753,0.0090606,0.0066129
543,0.0007027,0.0006407
1067,0.0029965,0.0024968
733,0.0011869,0.0013414
1211,0.0044074,0.0033192
1866,0.0110131,0.0074766
1910,0.011115,0.0078296
1989,0.012454,0.0086474
461,0.0005763,0.0005881
126,5.06e-05,4.01e-05
254,0.0001082,0.0001423
577,0.0006215,0.0007344
1234,0.0044762,0.0033698
1823,0.0101442,0.0070884
427,0.0004311,0.0003918
524,0.0005922,0.0005913
603,0.0007144,0.0008571
1025,0.0027854,0.0024833
615,0.0009454,0.0008231
1620,0.0078373,0.0058417
81,2.47e-05,1.93e-05
1512,0.0067479,0.0049822
36,1.13e-05,8.7e-06
1306,0.0048385,0.0037752
1384,0.0051869,0.004264
1202,0.0034371,0.0032711
418,0.0003519,0.0003731
370,0.0002384,0.0002926
556,0.0006771,0.0007757
1379,0.0055773,0.004437
252,0.0002429,0.0001566
572,0.0008877,0.0007973
139,5.45e-05,4.9e-05
946,0.002306,0.001925
373,0.0003366,0.000348
1868,0.010442,0.0077151
422,0.0003836,0.000411
1685,0.008593,0.0061553
1926,0.0114326,0.0080109
1523,0.0064728,0.0049886
745,0.0012848,0.0013037
1858,0.0102225,0.0073481
111,4.99e-05,4.27e-05
1332,0.0048042,0.0039946
241,0.0001598,0.0001612
1620,0.0074008,0.0057129
1294,0.0045085,0.0037644
1393,0.0049353,0.0043215
1085,0.0028013,0.0025377
1469,0.0063106,0.0049442
48,1.25e-05,1.16e-05
1370,0.0051421,0.0043453
1138,0.0033696,0.0027719
410,0.0003658,0.0003571
1560,0.0061609,0.0052793
1745,0.0091543,0.006564
306,0.000213,0.0002592
1698,0.0086952,0.0062458
1420,0.0058858,0.0046681
1980,0.0122147,0.0084094
1737,0.0095397,0.0065612
493,0.0006752,0.000606
1850,0.0101346,0.0074042
345,0.0002775,0.0003268
676,0.0009309,0.0009983
592,0.0007238,0.0007626
1053,0.0029614,0.0024597
1948,0.0117472,0.0081162
440,0.0004463,0.0005148
1852,0.0106408,0.007376
1838,0.0100868,0.0072221
579,0.000955,0.0007274
1818,0.0097028,0.0071479
1717,0.0088081,0.0063813
1037,0.0030227,0.0023409
207,0.0001719,0.0001335
1711,0.0092929,0.0063698
1176,0.0040147,0.0030458
1086,0.0034261,0.0025918
1745,0.0110285,0.0066768
1649,0.0094925,0.0058633
752,0.0013585,0.0013865
189,0.0002328,0.000163
263,0.000159,0.0001594
1695,0.0093925,0.00618
1555,0.0078351,0.0055373
1709,0.0096499,0.0063133
716,0.0013253,0.0013175
1793,0.0101754,0.0070624
189,8.39e-05,0.0001122
1835,0.0107002,0.0072065
278,0.0002666,0.0002146
77,3.02e-05,7.94e-05
1473,0.0071306,0.0047418
1306,0.0050135,0.0038992
1072,0.0030521,0.0026262
1813,0.0095539,0.0070404
713,0.0011573,0.0011613
9,2.9e-06,1.6e-06
1224,0.0040234,0.0034006
1013,0.0027259,0.0024644
1763,0.0093256,0.0066461
907,0.0020581,0.0017785
745,0.0011333,0.0011934
1671,0.0082726,0.0060308
1031,0.0028247,0.0023167
148,6.47e-05,5.36e-05
918,0.002134,0.0018093
1088,0.0031724,0.002565
1528,0.0069269,0.0050411
1496,0.0060906,0.0049938
343,0.0003136,0.0002532
1440,0.0065526,0.0044513
1907,0.0108768,0.0079375
117,6.6e-05,4.47e-05
1643,0.0081159,0.0058525
584,0.0008737,0.0008371
704,0.0009755,0.0010798
242,0.0001712,0.0001342
40,1.14e-05,1.09e-05
1826,0.0103896,0.0071491
915,0.0018911,0.0018313
1331,0.0047,0.0040405
24,8.3e-06,5.8e-06
638,0.0008345,0.0009286
1432,0.0043544,0.0043968
1787,0.0082461,0.0068902
266,0.0002023,0.0002331
412,0.000299,0.0003699
1531,0.0073807,0.0059173
1507,0.0071272,0.0078669
1801,0.0096685,0.0073717
1530,0.0074342,0.0050799
719,0.0010889,0.0011265
903,0.0018324,0.0017527
1670,0.008051,0.0060875
1455,0.0062551,0.0045736
1904,0.0106565,0.0077416
820,0.0017822,0.0015583
93,4.01e-05,3.06e-05
1673,0.0086527,0.0060646
671,0.0010255,0.0012558
1711,0.0087233,0.0063753
1841,0.0101451,0.0072787
667,0.0010462,0.001116
317,0.0002158,0.0002758
19,5.6e-06,4.9e-06
771,0.0011273,0.0013037
685,0.0008282,0.0010323
794,0.001221,0.0013824
1609,0.0083472,0.0056213
342,0.000262,0.0003131
642,0.0008545,0.0009
1563,0.0070311,0.0052649
547,0.0007664,0.000656
323,0.0002912,0.000225
328,0.0003191,0.0002312
1582,0.0076858,0.0054352
399,0.0002789,0.0003424
609,0.0007135,0.0009063
593,0.0008264,0.0007644
843,0.0015628,0.0015667
700,0.0008719,0.001068
1849,0.0107302,0.0073794
3,2.2e-06,5.5e-06
663,0.0008631,0.0009687
754,0.0011509,0.0014287
962,0.0020957,0.002008
577,0.0007894,0.0007253
1004,0.0022933,0.0021595
393,0.0003305,0.0003575
1609,0.0072231,0.005647
1290,0.00472,0.0039229
80,2.34e-05,2.42e-05
66,1.8e-05,1.64e-05
77,2.37e-05,2.07e-05
992,0.0020898,0.0021296
798,0.0013525,0.0014641
1053,0.0026984,0.0023753
1217,0.0032126,0.0033456
515,0.00061,0.000665
211,0.0001348,0.0001318
1497,0.0065352,0.0049473
1528,0.006708,0.0051651
1264,0.0040266,0.0036329
1045,0.0034092,0.0033022
1508,0.0069399,0.0049847
641,0.0009207,0.0009014
57,1.69e-05,1.5e-05
1912,0.0110598,0.0078826
583,0.0008228,0.0007823
306,0.0002305,0.0002094
1990,0.0122017,0.0086294
170,0.0001078,8.48e-05
1517,0.0071442,0.0051743
414,0.0003787,0.0003933
643,0.000748,0.000892
1489,0.0062738,0.0050691
1475,0.006541,0.0046969
1360,0.0051536,0.0041393
1970,0.0127091,0.0083351
889,0.0016539,0.0017511
2,2.3e-06,6e-07
1908,0.0109231,0.0078367
482,0.0005716,0.0005221
146,0.0001662,5.53e-05
757,0.0011173,0.0012458
736,0.0011227,0.0014071
38,9.8e-06,0.0001038
1613,0.007171,0.005653
512,0.0006579,0.0006179
863,0.0019069,0.0016417
1589,0.007627,0.0054531
290,0.0002144,0.0002111
946,0.0020644,0.0018992
858,0.0015961,0.0016042
1549,0.0068464,0.005202
83,3.06e-05,2.63e-05
1004,0.0026891,0.0022116
1653,0.0074704,0.0058928
823,0.0013928,0.0016706
1034,0.0023886,0.002285
557,0.0005869,0.0006657
1125,0.0029472,0.0027386
357,0.0003233,0.0003403
526,0.0006704,0.0005941
217,0.0001365,0.0001345
678,0.0010101,0.0009991
537,0.0005195,0.0007693
40,7.6e-06,7.6e-06
595,0.0006703,0.0008015
593,0.0006625,0.0008818
714,0.0008422,0.0010995
702,0.0009164,0.0010607
262,0.0001908,0.0001893
1540,0.007198,0.0051665
1761,0.0091185,0.0066843
1300,0.0048812,0.0038065
1405,0.0059396,0.0044048
1443,0.0061716,0.0045086
1919,0.0120272,0.0078662
1103,0.0034919,0.0026375
1915,0.0117916,0.0078258
740,0.0011574,0.0014572
994,0.002052,0.0023007
992,0.0016875,0.0020934
574,0.0008524,0.0007153
1719,0.0084335,0.0072205
92,4.72e-05,8.92e-05
1669,0.0086694,0.0061895
333,0.0002528,0.0003044
1815,0.0071515,0.0070358
1154,0.0027555,0.0029501
1959,0.0089038,0.0081742
1203,0.0039096,0.0034103
961,0.0021926,0.0021046
682,0.0011806,0.0011045
328,0.0002788,0.0002349
1539,0.007418,0.0053932
860,0.0018134,0.0016936
1217,0.0038977,0.0034695
506,0.0007143,0.000672
1808,0.0100534,0.0070963
1623,0.0078019,0.0059416
668,0.0009847,0.0009864
1790,0.0095956,0.0069333
802,0.00154,0.0014117
1227,0.0043662,0.0035051
1281,0.0051212,0.0038051
625,0.0009611,0.001029
1016,0.0023978,0.0024218
92,2.93e-05,2.97e-05
1546,0.0074627,0.0053662
1364,0.0054921,0.0042358
1513,0.006832,0.0050892
767,0.0013815,0.0012835
610,0.0007589,0.000833
973,0.0024346,0.0020272
325,0.0002237,0.000285
1884,0.0099502,0.0077372
965,0.0026416,0.0020144
295,0.0001645,0.000195
1460,0.0055786,0.0046071
865,0.0013726,0.0015964
841,0.0012535,0.0014801
688,0.0009263,0.001032
1631,0.0060915,0.0059106
529,0.0006971,0.0005998
280,0.0001532,0.0002131
1891,0.0112017,0.0077102
1929,0.0113269,0.0080066
443,0.0004407,0.0004253
1336,0.0049202,0.0040096
1613,0.0067586,0.0056575
566,0.0008507,0.0007079
869,0.0015864,0.0016318
193,0.0001085,0.0001089
1910,0.0107317,0.0078506
232,0.0002028,0.0001524
701,0.0009147,0.0010624
1359,0.0045821,0.004132
1322,0.0034274,0.0038834
1533,0.0048678,0.0052034
464,0.0004264,0.0005809
331,0.0001686,0.0002328
1073,0.0018896,0.002532
468,0.000399,0.0005093
1449,0.0036411,0.0047461
1581,0.0051685,0.0055445
560,0.0006818,0.0007885
209,8.65e-05,0.0001019
963,0.0016426,0.0019941
1299,0.0030833,0.0038128
485,0.0004568,0.0005236
873,0.001313,0.0016422
516,0.0005053,0.000588
783,0.0010067,0.0013503
832,0.001881,0.001492
535,0.0007354,0.0007177
662,0.0007619,0.0009552
373,0.0003204,0.0003527
1313,0.00486,0.0038107
609,0.0009388,0.0008693
1054,0.0025866,0.0023766
1660,0.0075826,0.0059067
54,2.19e-05,1.38e-05
1910,0.0108371,0.0079032
1601,0.0072695,0.0057272
1749,0.0088007,0.0065133
719,0.0009735,0.0011269
1061,0.0028101,0.0024731
166,8.45e-05,8.13e-05
1640,0.008006,0.0058082
1818,0.007866,0.0071179
589,0.0008636,0.0007782
1809,0.0091569,0.0069289
750,0.0011261,0.001235
488,0.0004689,0.0005299
1796,0.0066302,0.0068404
1336,0.0043236,0.0040894
723,0.0012515,0.0011376
474,0.0003799,0.0004809
471,0.000332,0.0004741
1039,0.0026425,0.0023733
1893,0.0101729,0.0077054
1178,0.003668,0.0032394
946,0.0016878,0.0020658
1980,0.0112057,0.0084043
490,0.0004938,0.0005178
1550,0.0069516,0.0051141
1810,0.0077132,0.0070383
1406,0.0050187,0.0044562
1478,0.0048923,0.004915
1100,0.0029983,0.002637
1338,0.0049638,0.0038262
894,0.001585,0.0019507
838,0.0012853,0.0015062
802,0.0012992,0.0014014
1477,0.005412,0.0047146
70,2.45e-05,2.15e-05
1322,0.0036339,0.0037856
1647,0.0077616,0.0058545
228,0.0001327,0.0001184
1042,0.0019878,0.0023272
280,0.0008578,0.0001776
473,0.0004663,0.0004836
1366,0.0046703,0.0039721
1057,0.00201,0.0023839
126,4.94e-05,5.02e-05
1040,0.0023153,0.0024258
1388,0.0050311,0.0044307
909,0.0018349,0.0017641
630,0.0009264,0.0008756
1684,0.0079563,0.0062629
1484,0.0052004,0.0050613
842,0.0016586,0.0015323
646,0.0007701,0.0009012
1588,0.0070645,0.0053922
725,0.0009539,0.0011441
280,0.0001731,0.0002152
924,0.0014993,0.001792
356,0.0002514,0.0003361
518,0.0005172,0.0005971
1808,0.0081354,0.0069685
1580,0.0070573,0.0053792
424,0.0004248,0.0004247
270,0.0006429,0.0001648
300,0.0001674,0.000196
1933,0.0113249,0.0080348
1812,0.006557,0.007954
1492,0.0065966,0.0048647
1529,0.0050054,0.0059714
671,0.0009155,0.0011129
1985,0.0125722,0.0085355
1598,0.0073739,0.005677
647,0.0009142,0.0009054
305,0.0001597,0.0002061
452,0.0003335,0.0004368
1118,0.0023515,0.0030637
600,0.0006585,0.00078
1939,0.0091024,0.0088695
1926,0.0111152,0.0078984
1650,0.0077293,0.0058878
1407,0.0040358,0.0044774
1043,0.0019724,0.0023346
942,0.0021715,0.0019491
1971,0.0111487,0.0082998
1608,0.0057964,0.0058011
57,2e-05,1.61e-05
910,0.0018936,0.0019612
767,0.0011046,0.0012785
162,8.37e-05,0.0002364
1440,0.0054338,0.004598
237,0.0001357,0.0001302
560,0.000781,0.0006746
1866,0.0083631,0.0074019
1136,0.00322,0.0029581
614,0.0010189,0.0008227
1364,0.0049667,0.0040388
1338,0.0039888,0.0042163
1862,0.0101995,0.0082575
1605,0.0071563,0.0055587
25,7.7e-06,1.04e-05
1933,0.0100837,0.0079929
1870,0.0100634,0.0074687
1511,0.0045015,0.0050775
1681,0.0052094,0.0063053
941,0.0023752,0.0019336
596,0.0008197,0.000774
477,0.0003801,0.0004958
37,0.000106,8.1e-06
607,0.0007998,0.0008205
191,8.2e-05,8.63e-05
918,0.0017656,0.0017739
606,0.0007059,0.0009728
111,5.94e-05,4.02e-05
1845,0.009006,0.0073388
1639,0.0054281,0.0059464
1861,0.0077582,0.0074311
1007,0.0022442,0.002353
1565,0.0070388,0.0052677
384,0.0003285,0.0003922
1846,0.007865,0.0072864
1343,0.0033022,0.0041129
1365,0.0035289,0.004197
1419,0.0039214,0.0044905
1550,0.0046905,0.005309
786,0.0022089,0.0013391
1802,0.0092628,0.0080994
2,2.4e-06,7e-07
1375,0.0050772,0.0043199
1711,0.006693,0.0065795
913,0.0021349,0.0018388
899,0.001879,0.0019692
338,0.0002653,0.0002993
414,0.0003443,0.0004552
1659,0.0075954,0.0059726
204,0.0001247,0.0001227
1870,0.0078393,0.0074891
752,0.0009978,0.0012319
736,0.0009628,0.0011694
1920,0.0078335,0.0078348
1976,0.0082653,0.008335
68,2.18e-05,0.0012135
802,0.0015498,0.0014051
55,1.52e-05,1.38e-05
916,0.0016302,0.001971
1698,0.0087471,0.0062207
1735,0.0087389,0.0064358
262,0.0001752,0.0001926
1869,0.0080231,0.0074301
1892,0.0106015,0.0075809
1037,0.0022281,0.0023514
1581,0.0047919,0.0055559
640,0.0008324,0.0009386
1614,0.0061489,0.0057844
1719,0.0082611,0.0063038
1350,0.0034817,0.0041417
1202,0.0026028,0.0031811
789,0.0011607,0.001344
1164,0.0030748,0.0029082
1755,0.0085585,0.006578
1038,0.0023088,0.002312
1226,0.0028233,0.0033634
84,3.19e-05,2.69e-05
912,0.0014989,0.0017792
19,8.2e-06,4.8e-06
1686,0.0056997,0.0064363
1030,0.002028,0.0022814
941,0.0015928,0.0019059
1592,0.0056051,0.0055027
488,0.0005894,0.0005577
260,0.0001299,0.0001554
48,0.0001104,9.2e-06
706,0.0010009,0.0010869
1965,0.0107695,0.0082501
1618,0.0052609,0.0058379
1676,0.0056992,0.0062207
155,6.38e-05,7.34e-05
999,0.0018742,0.0023438
826,0.0011852,0.0015704
125,4.48e-05,3.89e-05
768,0.0010128,0.0012764
709,0.0009491,0.0011584
933,0.0016127,0.0018601
432,0.0003827,0.0012779
917,0.0017579,0.0018104
111,4.56e-05,4e-05
1958,0.0107642,0.0082964
1706,0.0067834,0.0064261
723,0.001081,0.0012359
1736,0.0084666,0.0065227
1517,0.0044667,0.0050765
800,0.0019946,0.0014042
1967,0.0120951,0.0083047
1962,0.0109564,0.0081735
970,0.001746,0.0020346
1717,0.0059854,0.0065106
1091,0.0024849,0.0025952
1734,0.0062871,0.0066244
735,0.0009554,0.0012455
254,0.0001369,0.0001824
1593,0.0048081,0.0055402
1535,0.0044683,0.0051545
763,0.0010499,0.0012529
696,0.0007707,0.0010438
524,0.000559,0.0007076
1611,0.0051176,0.0066868
586,0.0008735,0.0007442
1375,0.0054444,0.0042089
1249,0.0031889,0.0033428
88,2.77e-05,2.8e-05
207,0.0001143,0.0001253
344,0.0002336,0.0002537
1940,0.0094196,0.0080215
1569,0.0059322,0.0055466
673,0.0008382,0.0009835
1965,0.0106856,0.0082476
1608,0.0051053,0.0056889
1625,0.0049471,0.0058816
418,0.0003546,0.0003914
1641,0.0049268,0.0059436
894,0.0014212,0.0016938
731,0.0010514,0.0012347
1921,0.0071458,0.0081016
517,0.0005347,0.0005993
1419,0.0037571,0.0044699
388,0.0003042,0.0003988
1240,0.0027407,0.0034227
1794,0.0073642,0.0069385
320,0.0002365,0.0002804
49,1.08e-05,9.3e-06
408,0.0003293,0.0003759
181,0.0001503,7.66e-05
1947,0.0110594,0.00815
1163,0.0028523,0.0029446
541,0.0005802,0.0007621
573,0.0005288,0.0007098
384,0.0002408,0.0003189
1615,0.004956,0.0058293
660,0.0008673,0.0009436
158,5.5e-05,6.33e-05
1899,0.0069934,0.0078778
322,0.0002362,0.000282
1605,0.0049114,0.0057008
1307,0.0032426,0.0036587
210,0.0001024,0.0001278
737,0.001914,0.0011993
377,0.0003343,0.0003785
356,0.0002658,0.0002752
602,0.0007212,0.0008673
257,0.0001211,0.0001485
1704,0.0082712,0.0062077
1346,0.0034539,0.0040222
272,0.0008858,0.0001824
1124,0.0033547,0.0028952
1936,0.0100061,0.0079359
1318,0.0033183,0.0039316
362,0.0003042,0.0003478
412,0.0003506,0.0003585
48,1.37e-05,1.16e-05
374,0.000213,0.0002959
945,0.0015568,0.0020836
565,0.00057,0.0006895
23,5.1e-06,4.3e-06
1537,0.0043623,0.0053794
654,0.0008696,0.0009725
12,2.3e-06,1.9e-06
1298,0.0030062,0.0038598
714,0.0009714,0.0011157
1846,0.0065222,0.0074984
1359,0.0031943,0.0039642
1854,0.0068951,0.007331
1063,0.0032599,0.0024546
1743,0.0088761,0.0064969
513,0.0005341,0.0005863
407,0.0002793,0.0004185
1514,0.0044001,0.0051061
1463,0.0039948,0.00453
650,0.0007693,0.000911
549,0.0005758,0.00065
1168,0.0026636,0.0030296
1376,0.0035261,0.0042397
55,0.0008384,1.18e-05
795,0.0014848,0.0014393
869,0.0014801,0.0016057
1476,0.0054939,0.0048486
1168,0.0027032,0.0029207
331,0.0002251,0.0002939
20,4.6e-06,4.6e-06
843,0.0013578,0.0015069
31,7.3e-06,6.8e-06
776,0.0009889,0.0012912
557,0.0005796,0.0006657
338,0.0002523,0.0003038
1705,0.006945,0.0065325
627,0.0008078,0.0008651
501,0.0003966,0.0005403
132,4.37e-05,4.79e-05
1743,0.0087656,0.006728
135,5.08e-05,5.66e-05
481,0.0004669,0.0004971
553,0.0005227,0.0006662
1069,0.0021874,0.0024327
773,0.0011865,0.0013772
191,6.86e-05,8.21e-05
730,0.0008315,0.0011594
1026,0.0017478,0.0022555
539,0.0005677,0.000636
1694,0.0058469,0.0063335
706,0.0008418,0.0010937
1644,0.0052014,0.0060012
449,0.0004073,0.0005403
1386,0.0035435,0.0043664
1318,0.0033223,0.0038013
1298,0.0028861,0.0038317
966,0.0016715,0.0020256
979,0.0018348,0.0020962
671,0.0007698,0.0009905
1539,0.0046332,0.0052187
1906,0.0081225,0.0077351
1967,0.0077878,0.0082293
1132,0.0023597,0.0027618
993,0.0018254,0.0022747
643,0.0007231,0.0009006
534,0.000483,0.0006098
324,0.0002716,0.0002251
201,9.34e-05,0.0001174
529,0.0005795,0.0005984
316,0.0001689,0.0002145
279,0.0001247,0.0001739
1759,0.0070208,0.0066871
431,0.0004228,0.0004361
62,1.45e-05,1.73e-05
1846,0.0095285,0.0078832
49,1.97e-05,1.19e-05
1234,0.0038275,0.0032597
30,7.8e-06,6.4e-06
828,0.0013036,0.0014827
24,7.1e-06,4.9e-06
671,0.0008233,0.0009778
1692,0.0074674,0.0061861
1438,0.0041874,0.0044293
1362,0.0034925,0.004217
1189,0.0024803,0.0031101
2,2e-06,6e-07
599,0.0006637,0.0007879
873,0.0012235,0.001634
1071,0.0019814,0.002449
1539,0.005065,0.0053152
203,0.0001687,0.0001211
370,0.0003411,0.0003122
1869,0.0097816,0.0075667
605,0.0007507,0.0008728
1615,0.0051122,0.0058332
1728,0.0057446,0.006551
1555,0.0045183,0.0053078
1831,0.0068953,0.0073976
649,0.0008261,0.0009919
122,5.26e-05,0.0010775
1624,0.007492,0.005698
1257,0.0030614,0.0034742
1553,0.0044239,0.0053105
851,0.0013969,0.0015942
446,0.0003909,0.0004604
786,0.0017404,0.0013518
333,0.0002128,0.000239
877,0.0017564,0.0016435
1024,0.0023892,0.0022534
706,0.0010254,0.0011937
466,0.0004346,0.0005806
752,0.0011136,0.0013427
252,0.0001461,0.0001777
937,0.001463,0.0020494
418,0.0004392,0.000402
665,0.0007577,0.0009614
62,1.88e-05,1.61e-05
1075,0.0034655,0.0024869
482,0.0004705,0.0004944
958,0.0016374,0.0019497
333,0.000224,0.000295
1762,0.0077597,0.0065599
527,0.000526,0.0006035
1989,0.0091685,0.0094219
969,0.0025297,0.0020329
1245,0.0036051,0.0034322
67,1.94e-05,2.37e-05
734,0.0009363,0.0012091
1825,0.0080038,0.0070868
856,0.0013737,0.0015649
1729,0.0056219,0.0065774
1788,0.0060875,0.0070127
196,0.0001061,0.0001146
581,0.0005819,0.0007362
891,0.001303,0.0019355
1315,0.0032928,0.0038861
1962,0.0080532,0.0082585
515,0.0005152,0.0005808
1851,0.0074166,0.0076393
753,0.0012748,0.001238
1129,0.0027205,0.0027993
441,0.0004446,0.0004949
1792,0.007594,0.0070282
749,0.0010086,0.0012291
396,0.0002537,0.0003344
778,0.0010035,0.0013075
1213,0.0027745,0.0031908
312,0.0002107,0.000266
328,0.0001943,0.000231
1850,0.0069005,0.0072696
1004,0.0018858,0.0023392
1362,0.0034859,0.0040022
865,0.0014541,0.0016069
929,0.0016057,0.0018351
1526,0.0044646,0.0051621
333,0.0002357,0.0003009
10,4.6e-06,3e-06
1792,0.0060295,0.0070286
1835,0.0066859,0.007142
754,0.0012368,0.0013119
782,0.00117,0.0013157
1484,0.0040946,0.004697
1675,0.0054082,0.0060328
1209,0.0027614,0.0031702
1897,0.0071239,0.0076811
1384,0.0035448,0.004223
1586,0.0046083,0.0054355
1201,0.0026454,0.0033475
1770,0.0058968,0.0068332
1066,0.0021038,0.0025143
1728,0.0058776,0.0064851
1756,0.0059567,0.0067117
466,0.0003682,0.0005763
1485,0.004228,0.0047973
276,0.0001653,0.0002145
1091,0.0021004,0.0025608
1061,0.0020425,0.0024214
990,0.0018082,0.0022513
1519,0.0043346,0.0050316
356,0.000262,0.0003469
1194,0.0024502,0.0030456
120,4.77e-05,4.87e-05
10,4.5e-06,2.2e-06
834,0.0011908,0.0014902
864,0.0011972,0.0016038
943,0.0015078,0.0018777
362,0.0002726,0.0003433
1641,0.0051038,0.0059167
1053,0.0019591,0.0023648
1019,0.0030046,0.0023034
955,0.001884,0.0019577
1834,0.0096327,0.0073451
512,0.000561,0.0005784
203,9.16e-05,9.55e-05
1772,0.0085005,0.006709
1183,0.0026937,0.0031206
1661,0.0052326,0.0060719
1439,0.0040484,0.0045381
1277,0.0031799,0.00361
1790,0.0067524,0.0078579
1167,0.0036065,0.0031082
925,0.0018716,0.001847
208,0.0001356,0.0001256
1613,0.0075742,0.0057587
1549,0.0050443,0.0054121
1205,0.0027671,0.0032083
54,1.55e-05,1.4e-05
635,0.0007159,0.0008884
1528,0.0041591,0.0051229
661,0.0008452,0.0009537
939,0.0014854,0.0018832
989,0.0017056,0.0020934
70,2.17e-05,1.99e-05
888,0.0015013,0.0016552
383,0.0002403,0.0003121
21,6.9e-06,5.3e-06
1250,0.0032786,0.0033274
662,0.0007868,0.0009432
293,0.0001921,0.0002374
1663,0.006446,0.0060362
1484,0.0065817,0.0047601
543,0.0006702,0.00065
990,0.002087,0.0021156
76,2.22e-05,2.16e-05
1310,0.0037634,0.0037137
1468,0.0046206,0.0045881
1971,0.0095316,0.0083043
42,1.36e-05,8.8e-06
1025,0.0019199,0.0022584
1887,0.0073386,0.0075742
704,0.0009279,0.0010811
1258,0.0027943,0.0035145
1679,0.0059373,0.0062999
50,1.27e-05,1.27e-05
1780,0.0060315,0.0068825
1418,0.0037047,0.0045189
1297,0.0031062,0.0037983
1280,0.0030886,0.0034736
823,0.0011936,0.0017747
460,0.0003387,0.0004542
1118,0.0021558,0.0029071
1590,0.0050402,0.0056056
240,0.0001461,0.0001661
1842,0.0067561,0.0072245
249,0.0001444,0.0001745
812,0.0012057,0.0014316
1973,0.0084138,0.0083529
1085,0.0022335,0.0026718
1629,0.0049737,0.0056825
1273,0.0032554,0.0036174
1663,0.0050151,0.0061522
1558,0.0045129,0.0051798
1374,0.0034016,0.0041133
1530,0.0041996,0.00506
1764,0.0058689,0.0066977
1928,0.0074344,0.0078877
935,0.0016663,0.0018668
271,0.0001565,0.0002039
645,0.0006834,0.0009083
1389,0.0034426,0.0042139
1725,0.0055523,0.0064499
189,8.01e-05,8.45e-05
1923,0.0072922,0.007892
772,0.0022004,0.0013035
498,0.0006855,0.0005371
319,0.0002812,0.0002251
1569,0.0068507,0.0052797
159,6.33e-05,7.95e-05
1675,0.005737,0.0060596
701,0.0008199,0.0011799
19,5e-06,4e-06
1957,0.0089637,0.0082812
58,1.73e-05,1.84e-05
327,0.0002268,0.0002932
1230,0.0027782,0.003255
748,0.0010845,0.0012283
643,0.0007548,0.0009126
901,0.0013419,0.0017415
405,0.0003309,0.0004029
830,0.0011871,0.0014878
1032,0.0018352,0.0022806
1100,0.0020582,0.0025987
1655,0.0050573,0.0059628
173,6.53e-05,7.37e-05
1204,0.0034698,0.0034693
687,0.0011777,0.0010425
1209,0.0035569,0.003392
1132,0.0026503,0.0027812
1545,0.0050421,0.0052375
1143,0.0023826,0.0027879
1454,0.0037555,0.0045963
1242,0.0029128,0.0033181
1015,0.0018602,0.0023349
525,0.0004474,0.0005973
1046,0.002199,0.0023337
1932,0.0088679,0.0080983
103,3.84e-05,3.04e-05
835,0.0012446,0.0014854
1680,0.0053615,0.0061645
177,7.15e-05,7.44e-05
1686,0.0052691,0.0061527
1733,0.0057501,0.0065601
1746,0.0061211,0.0064885
808,0.0011912,0.0014225
135,4.97e-05,5.71e-05
1317,0.0030976,0.0038909
942,0.0017484,0.0018923
1411,0.0035425,0.0044083
1732,0.0058445,0.0066285
213,0.0001325,0.0001356
1950,0.0079746,0.008118
960,0.0016736,0.0019712
256,0.0001434,0.0001846
1900,0.0072821,0.0077235
1922,0.0071791,0.0080924
1230,0.0029545,0.0033518
632,0.0007117,0.000869
547,0.0005513,0.0006658
1460,0.0038247,0.0046479
170,7.74e-05,8.54e-05
196,9.52e-05,0.0001114
797,0.0011443,0.0013675
1196,0.0025811,0.003065
806,0.0013223,0.0014058
33,7.8e-06,1.24e-05
838,0.0012923,0.0015007
263,0.0001512,0.0001946
117,4.19e-05,4.38e-05
1342,0.0032,0.0038247
1080,0.0021111,0.0027559
384,0.0002479,0.0003137
895,0.001558,0.0019599
1891,0.007193,0.0076706
1366,0.0034466,0.0040161
1068,0.0020999,0.0024372
1130,0.002223,0.0028232
1982,0.0085712,0.0084718
761,0.0011281,0.00125
1194,0.0024199,0.0030214
283,0.0001469,0.000175
1870,0.0070002,0.0077923
1850,0.0073721,0.0073198
894,0.0015361,0.0017321
1405,0.0038835,0.0044161
1362,0.0036005,0.0039488
1710,0.0055256,0.0065086
793,0.0012492,0.0013698
1328,0.0042005,0.0040532
1574,0.0071449,0.005379
94,3.02e-05,3.18e-05
776,0.0012087,0.0013076
779,0.0011854,0.0013097
261,0.0001585,0.0001907
581,0.0006681,0.0008024
216,0.0007499,0.0001063
528,0.0007024,0.0006094
1429,0.0053259,0.0045181
559,0.0011072,0.0006894
1674,0.0083775,0.0060917
1515,0.0044127,0.0051273
217,0.0001056,0.0001072
953,0.0015693,0.001912
1839,0.0072972,0.0071623
826,0.0012221,0.0014858
1604,0.0050151,0.0057619
1000,0.0018153,0.002156
1711,0.005286,0.0064502
1679,0.0054617,0.0062311
549,0.0005801,0.0007167
449,0.0003252,0.0004363
369,0.0002211,0.0002972
1202,0.0025016,0.0030853
1043,0.001979,0.0023105
539,0.0005594,0.0006804
430,0.0002772,0.0003914
232,0.000119,0.0001524
760,0.0009359,0.001244
927,0.0014232,0.0018218
859,0.0012545,0.0016846
1404,0.0035901,0.0044606
1345,0.0033907,0.0043899
1739,0.005618,0.0066896
1279,0.0031376,0.0035123
206,8.76e-05,0.0001072
386,0.0002749,0.0003162
1056,0.0023544,0.0024
1533,0.0043285,0.0050217
295,0.0001847,0.0002376
509,0.0005434,0.0006826
699,0.0007605,0.0010531
65,1.56e-05,1.42e-05
799,0.0010112,0.0015816
1629,0.0052496,0.0058819
870,0.0013807,0.0016322
1719,0.0055867,0.0065523
1631,0.0050324,0.0057904
935,0.0016499,0.0018538
988,0.0016894,0.00219
1650,0.0049755,0.005899
802,0.0011044,0.0015928
1318,0.0030888,0.0039811
1772,0.0062123,0.0066899
1065,0.0019922,0.0024326
803,0.0012812,0.0013973
636,0.0007764,0.0009155
1670,0.0051824,0.006147
1952,0.0080479,0.0081112
1655,0.0049977,0.006086
948,0.0016399,0.0018996
1194,0.0024309,0.0031489
28,6.8e-06,6.5e-06
555,0.0005457,0.0007788
1886,0.0068216,0.0077978
897,0.0014687,0.0018366
248,0.0001152,0.0001405
33,9.4e-06,7.6e-06
1812,0.0061663,0.0073624
973,0.0017556,0.0020426
1300,0.0031136,0.0036171
818,0.0011456,0.0014713
172,8e-05,8.87e-05
1581,0.0047139,0.0055106
146,5.65e-05,6.4e-05
1428,0.0037495,0.004525
1108,0.0022433,0.0036745
1936,0.010874,0.0079751
194,0.0001053,0.0001123
1017,0.0020121,0.0023094
1455,0.0041895,0.0047452
48,1.22e-05,1.12e-05
19,4.9e-06,4e-06
999,0.0018945,0.0023809
1531,0.0044649,0.0050882
1987,0.0084311,0.0086082
1867,0.0065378,0.0077062
612,0.0007416,0.000824
45,1.2e-05,9.5e-06
1501,0.0042167,0.0058237
1829,0.009898,0.007124
203,0.0001043,0.0001215
1514,0.0042765,0.0050327
596,0.0007401,0.000825
423,0.0002731,0.0004741
1582,0.0045505,0.0053888
534,0.0005409,0.000711
680,0.0008124,0.0010069
367,0.0002119,0.0002852
1498,0.0039245,0.0048512
1218,0.0026952,0.0032576
1066,0.0021137,0.0024233
875,0.0013008,0.0017189
981,0.0017478,0.0020445
879,0.0012072,0.001614
1933,0.0078545,0.0080852
1844,0.0065292,0.0075135
160,6.49e-05,6.17e-05
1349,0.0034839,0.0041462
517,0.0005558,0.0006892
370,0.0002251,0.0002981
468,0.0003548,0.0004768
1545,0.0044854,0.00518
1038,0.002107,0.0023079
168,7.2e-05,8.35e-05
607,0.0006514,0.0008065
1408,0.0034095,0.0053279
1365,0.0048435,0.0040977
1335,0.0034127,0.0039493
230,0.000127,0.0001504
60,1.37e-05,1.2e-05
164,8.89e-05,6.35e-05
869,0.0012681,0.001663
1497,0.0046743,0.0050591
311,0.0001548,0.0002087
1649,0.0056533,0.0059203
767,0.0019291,0.0013336
508,0.0005651,0.0005654
270,0.0001619,0.000269
1531,0.0064919,0.0051558
1734,0.0069248,0.0065181
496,0.0004286,0.0005292
546,0.0006326,0.0006558
1417,0.0039369,0.004399
607,0.0007364,0.0008038
1070,0.0018877,0.002554
1343,0.0032205,0.0038851
615,0.0006794,0.0008907
323,0.0001811,0.0002243
1628,0.0048508,0.0058479
506,0.0004765,0.0005855
872,0.0011995,0.0016295
195,9.31e-05,0.0001112
316,0.0001966,0.0002733
550,0.0004776,0.0006581
1038,0.0017876,0.0022956
1082,0.0019565,0.0024877
1140,0.0023502,0.0027833
568,0.0006112,0.0007258
999,0.0020242,0.0021773
1300,0.0032731,0.0036248
740,0.0010393,0.0011813
1961,0.0086413,0.008155
1516,0.0045243,0.0051154
936,0.0016831,0.0018719
597,0.0006336,0.0008993
1046,0.0029572,0.0023714
1459,0.0054092,0.00471
366,0.0003159,0.0003603
1301,0.0033862,0.0037858
1416,0.0039504,0.004467
610,0.0006739,0.0008182
1955,0.0095075,0.0081033
174,8.41e-05,9.02e-05
428,0.0003711,0.0004131
1327,0.0033258,0.0037894
1662,0.005164,0.0064595
464,0.0004265,0.0004977
798,0.0010151,0.0014201
457,0.0004294,0.0005287
911,0.0013695,0.0017584
1056,0.0019948,0.0023853
425,0.0003369,0.0004632
269,0.0001264,0.0001607
813,0.0011423,0.0014297
234,0.0001328,0.0001534
292,0.0001959,0.0002096
882,0.00126,0.0016558
749,0.0009274,0.0012054
1635,0.0052339,0.0058277
1841,0.0064866,0.00726
1140,0.0024645,0.0028194
1333,0.0032873,0.0039232
1569,0.0045409,0.0053665
92,3.09e-05,3.04e-05
355,0.0002502,0.0003186
363,0.0002041,0.0002861
588,0.0005644,0.000757
863,0.0011748,0.0015734
496,0.0004735,0.0005261
413,0.0002753,0.0003633
547,0.0004759,0.0006422
690,0.0007568,0.0010422
1292,0.0028728,0.0036486
368,0.0002687,0.0003567
1381,0.0033259,0.0041694
1436,0.0038532,0.0043657
1476,0.0038881,0.0047372
950,0.0016528,0.0019125
147,5.26e-05,5.54e-05
1725,0.0058768,0.0065941
1604,0.0052592,0.0057255
1542,0.0048028,0.0052716
928,0.0016051,0.0018331
359,0.0002541,0.0003426
1970,0.0080836,0.0083082
1154,0.0025012,0.0029333
620,0.0007697,0.0009466
884,0.0013325,0.0016613
585,0.0005476,0.0007372
712,0.0007485,0.0010965
319,0.000175,0.000221
369,0.0002155,0.0002873
1101,0.0020255,0.0025846
1175,0.0024457,0.0029586
661,0.0007868,0.000944
1401,0.0035627,0.0041536
8,2.7e-06,1.9e-06
1630,0.0047899,0.0059745
1449,0.0037435,0.0047083
1087,0.0022561,0.002535
751,0.0010602,0.0012212
233,0.0001349,0.0001571
137,5.3e-05,5.87e-05
1800,0.0061502,0.0070775
813,0.00126,0.0014245
1509,0.0042565,0.0050478
1690,0.0054984,0.006253
340,0.0002563,0.0003015
1862,0.0064833,0.0075718
1739,0.0054389,0.0066406
1495,0.0039557,0.004957
278,0.0001583,0.0002134
480,0.0004199,0.000583
138,3.98e-05,4.64e-05
891,0.0012644,0.001707
1460,0.0037087,0.0047683
1792,0.0058518,0.006869
1085,0.0021384,0.0025224
197,7.84e-05,9.28e-05
1328,0.0030845,0.0037434
340,0.0002413,0.0003116
1873,0.0069997,0.0077285
1384,0.0036564,0.0043407
58,1.73e-05,1.54e-05
1389,0.0034901,0.0043653
1666,0.0050876,0.0072206
1045,0.0027393,0.0023502
1911,0.0097247,0.0077512
1439,0.0039182,0.0045212
1204,0.0026036,0.0033226
432,0.0004012,0.0004696
1256,0.0028088,0.0035498
122,4.63e-05,4.81e-05
852,0.0013789,0.0023846
1813,0.0091319,0.0070434
1668,0.005644,0.0062078
348,0.0002754,0.0003249
487,0.0003994,0.0005081
902,0.0013893,0.0017303
783,0.0009769,0.0014686
1420,0.0037921,0.0044369
1952,0.0079525,0.0081338
567,0.0006209,0.0007037
1955,0.0074213,0.0080893
1937,0.007187,0.008105
240,0.0001164,0.0001318
1711,0.0054951,0.0064427
397,0.0003258,0.0003793
778,0.0010267,0.0014489
655,0.0007375,0.0009348
919,0.001521,0.0018065
220,0.0001072,0.0001154
591,0.0005886,0.0007539
702,0.0009942,0.0012771
1397,0.0037182,0.0042431
1671,0.0052126,0.0062295
522,0.000567,0.0005903
877,0.0013135,0.0016406
6,3.4e-06,1.8e-06
1949,0.0075699,0.0080475
1027,0.0018124,0.0022699
466,0.0003207,0.0004722
1616,0.0046538,0.0057112
669,0.000873,0.0009695
307,0.0001518,0.0002049
1079,0.0019018,0.0024777
1139,0.0022926,0.002774
1783,0.0058996,0.0069179
1917,0.007127,0.0080055
68,2.23e-05,1.94e-05
1659,0.0052967,0.0060863
1480,0.0042139,0.0048259
1721,0.0053976,0.0063702
1422,0.0036231,0.004409
1897,0.0080929,0.0076484
1007,0.0025556,0.0021889
319,0.0004368,0.0002389
1017,0.0024237,0.0023298
830,0.0012845,0.0015085
1384,0.0042801,0.0047297
360,0.0003019,0.0003454
995,0.0025275,0.0022621
873,0.0015203,0.0018569
801,0.0011506,0.0013847
383,0.0002819,0.0003913
772,0.0009974,0.0012793
327,0.0001678,0.0002302
1068,0.0024372,0.0026462
738,0.0009891,0.0011845
855,0.0013382,0.0015508
329,0.0002295,0.0002913
442,0.0003537,0.0004181
803,0.0012465,0.0013869
1778,0.0083813,0.006751
827,0.0014466,0.0014914
1565,0.0047493,0.0053399
175,6.81e-05,7.66e-05
1898,0.0075733,0.0076578
232,0.0001435,0.0001542
1347,0.0033031,0.0040393
1633,0.0050934,0.0059851
884,0.0013547,0.0016645
134,5.9e-05,6.01e-05
1449,0.0036739,0.0047218
87,2.69e-05,3.05e-05
1428,0.0036162,0.0043423
1893,0.0069234,0.0078775
448,0.0004568,0.000479
1457,0.0040044,0.0047601
10,3.2e-06,2.8e-06
1390,0.0033914,0.004207
284,0.000191,0.0002147
337,0.0002219,0.0002448
1941,0.0073409,0.0082881
404,0.0003263,0.000438
305,0.0001523,0.0002021
127,4.47e-05,3.96e-05
343,0.0002131,0.0002492
14,2.9e-06,2.8e-06
1424,0.0038677,0.0044379
577,0.0007049,0.0007267
856,0.0013863,0.0015755
1227,0.00258,0.0032061
333,0.000231,0.0002977
1687,0.0054113,0.0062125
1449,0.0037441,0.0045726
1320,0.0032061,0.0037307
1234,0.0025567,0.0033538
795,0.0012134,0.001372
1309,0.0029885,0.00375
1596,0.0046734,0.0057093
622,0.0006467,0.0009459
134,4.1e-05,4.63e-05
1057,0.0020434,0.0023798
548,0.0005918,0.0007496
132,4.96e-05,5.46e-05
460,0.0003976,0.0004623
501,0.0004136,0.0005386
102,2.82e-05,2.7e-05
283,0.0001335,0.0001766
827,0.0011129,0.0014738
505,0.0003855,0.0005552
1946,0.007688,0.0080879
833,0.0012436,0.001491
268,0.0001624,0.000236
299,0.000199,0.000243
1489,0.0044248,0.0049999
1162,0.002459,0.0028845
47,1.09e-05,1.04e-05
419,0.0003474,0.000461
1206,0.0025778,0.0036169
1206,0.0025586,0.0030823
1509,0.004337,0.0051028
1874,0.0067753,0.0075158
1721,0.0056021,0.0065953
666,0.0009141,0.0009746
1508,0.0040864,0.0050916
607,0.000714,0.0007985
1705,0.0055687,0.0063776
836,0.0013171,0.0014901
1665,0.0049351,0.0061092
1852,0.0064991,0.0073046
1233,0.002757,0.0032308
278,0.0001628,0.0002144
1085,0.0020499,0.0025362
735,0.0008951,0.001166
595,0.0006196,0.0007677
1710,0.0051782,0.0064116
608,0.0007001,0.0008112
870,0.0012055,0.001618
701,0.0009312,0.0011086
521,0.0005224,0.0006801
1599,0.0046476,0.0056227
1687,0.0055176,0.0062346
381,0.0002404,0.0003126
1644,0.0052841,0.0060266
547,0.0005525,0.0006486
1512,0.0046143,0.0050957
1171,0.0024455,0.0029598
243,0.0001136,0.0013592
882,0.0019328,0.0017546
1707,0.0074573,0.0062538
1842,0.0069637,0.0072076
559,0.0006315,0.0007938
1873,0.0064899,0.0075958
1497,0.0040155,0.0048725
252,0.0001319,0.0001804
104,3.43e-05,2.91e-05
205,7.68e-05,9.56e-05
810,0.0010606,0.0014182
48,1.16e-05,9e-06
1900,0.0068875,0.0076401
2000,0.0087859,0.0086259
890,0.0015393,0.001704
167,6.83e-05,8.21e-05
1005,0.0018117,0.0021568
724,0.0010617,0.0011694
999,0.0016251,0.0023259
902,0.0014448,0.001724
827,0.0011045,0.0014831
1798,0.0060985,0.0070001
1169,0.0025253,0.0029187
1350,0.0033227,0.0040769
1726,0.0055433,0.0065485
1721,0.0055557,0.0063331
1286,0.0032255,0.0036348
1455,0.0037859,0.0046739
37,1.51e-05,9.4e-06
414,0.0003344,0.0003926
469,0.000492,0.0004801
1888,0.0079963,0.0078869
1115,0.0025501,0.0026983
327,0.000238,0.0002846
672,0.0009509,0.0015236
1016,0.0018969,0.0022243
419,0.0002723,0.0003739
126,4.44e-05,5.06e-05
1438,0.0046657,0.0043952
1993,0.0093636,0.0085197
712,0.0009828,0.0011109
1615,0.0049528,0.0057542
212,0.0001149,0.0001325
1936,0.0075107,0.0081036
251,0.0001489,0.0001788
985,0.0018551,0.0020769
29,5e-06,9e-06
1664,0.0054879,0.0061629
831,0.0012392,0.0014929
1593,0.0049,0.0056709
1567,0.0050544,0.005524
493,0.0004712,0.0005494
320,0.0001653,0.0002243
778,0.0014349,0.0018483
1452,0.0041121,0.0046754
109,4.36e-05,4.09e-05
1410,0.0037579,0.0044734
1708,0.0066847,0.0064479
95,3.07e-05,3.25e-05
1825,0.0095478,0.0072592
1292,0.0036025,0.0036904
44,1.41e-05,1.08e-05
939,0.0015054,0.001876
1232,0.0032748,0.0035102
1539,0.0049672,0.0051727
115,3.46e-05,3.92e-05
1595,0.005263,0.0054479
1294,0.0032875,0.0035892
82,2.48e-05,2.69e-05
1742,0.005958,0.0067042
1644,0.0054811,0.0058556
506,0.0004392,0.0005518
756,0.0010088,0.0012964
1672,0.0059413,0.0061135
1053,0.0030811,0.0024206
250,0.0001825,0.0001941
895,0.0023631,0.0017178
285,0.0001968,0.0002151
642,0.0007561,0.000906
488,0.0003763,0.000515
1110,0.0027693,0.0026577
1121,0.0022848,0.0026717
81,2.47e-05,2.5e-05
802,0.0011338,0.0013825
841,0.0012028,0.0014995
1192,0.0028174,0.0030192
1217,0.002656,0.003268
181,6.41e-05,7.63e-05
1961,0.0094672,0.0090724
727,0.0009413,0.0011575
1921,0.0073509,0.0079456
432,0.0003886,0.000497
1936,0.0076541,0.0079341
232,0.0001431,0.0001527
1786,0.0063044,0.006845
1794,0.0062705,0.0068315
380,0.0002476,0.0003066
1135,0.0026344,0.0027979
1844,0.0078949,0.0072445
1309,0.003358,0.0038806
27,9.1e-06,6.8e-06
1511,0.0047098,0.005104
1922,0.0075893,0.0078911
1161,0.0024746,0.0028967
327,0.0002186,0.0002867
1052,0.00216,0.0025744
838,0.0014061,0.0014978
970,0.0017981,0.0019993
1138,0.0023898,0.002747
1288,0.0030453,0.0036139
1785,0.0059771,0.0070256
1401,0.0035676,0.0047012
928,0.0015696,0.0018185
293,0.0001743,0.0002367
1697,0.0055263,0.0064248
1291,0.002885,0.0039066
1252,0.0027948,0.0035123
479,0.0004372,0.0006167
422,0.0002973,0.0003773
1533,0.0043801,0.0053095
1050,0.0018692,0.0023471
713,0.0009387,0.0011422
701,0.0009282,0.0010652
590,0.0005393,0.0008044
322,0.0001568,0.0002271
1236,0.0026743,0.0035022
512,0.0005243,0.0005718
491,0.0004636,0.0006456
1340,0.0033042,0.003859
1509,0.0045843,0.0051172
1558,0.0045994,0.0053137
1696,0.005351,0.006335
1225,0.0026699,0.0032885
938,0.0015253,0.0018633
493,0.0004585,0.0006271
952,0.0014523,0.0019125
208,0.0001122,0.0001283
1380,0.0034742,0.0042605
1286,0.0029776,0.0037131
207,9.49e-05,0.0001229
800,0.0012286,0.0013899
747,0.0010119,0.0011996
1936,0.0085911,0.0080879
1719,0.005716,0.0065742
1610,0.005181,0.0058031
548,0.0006247,0.0007974
542,0.000472,0.0006654
1136,0.0023489,0.0027852
965,0.0017955,0.0019922
1391,0.0034273,0.0043282
1154,0.0024142,0.0028603
991,0.0017901,0.0020912
1720,0.0056951,0.0065708
962,0.0016746,0.001969
657,0.0006612,0.0009389
1967,0.0074626,0.0083474
1119,0.0023368,0.002841
807,0.0012761,0.0015778
668,0.000692,0.0009669
741,0.0010722,0.0012292
41,1.59e-05,1.39e-05
215,0.0001048,0.0001137
360,0.0002344,0.0002763
30,8.4e-06,9.1e-06
247,0.0001083,0.0001358
466,0.0003537,0.0004646
484,0.0003552,0.0004998
1418,0.0037335,0.0046082
607,0.0006774,0.0008061
794,0.0012047,0.001358
981,0.0017169,0.0021894
874,0.0012911,0.0016128
435,0.0003885,0.0005001
1618,0.0049623,0.0057827
886,0.0013555,0.0016616
1025,0.0018386,0.0022529
1122,0.0022926,0.0027035
802,0.0012079,0.0013959
1642,0.0050183,0.0059509
1764,0.0060231,0.006843
1911,0.0070193,0.0079635
1605,0.0048663,0.0057159
1050,0.0020463,0.0024737
1383,0.0035975,0.0041923
309,0.0002171,0.000221
1808,0.0065117,0.0069633
741,0.0010076,0.00121
1954,0.0075938,0.0085132
1028,0.0018679,0.0022714
277,0.0001467,0.000171
1002,0.0017453,0.0023139
458,0.0004256,0.000564
1245,0.0028496,0.0036062
1727,0.0057729,0.0067627
1202,0.0030483,0.0031901
1715,0.0060321,0.0063274
726,0.0010384,0.0011547
1741,0.0058978,0.0066834
13,5.5e-06,5.5e-06
335,0.0002431,0.0002706
524,0.0005064,0.0006051
1599,0.004942,0.0055454
1459,0.0038002,0.0047064
235,0.000126,0.0001642
1897,0.0068695,0.0076144
1072,0.0020402,0.0024623
1356,0.0032795,0.0040911
1933,0.0071554,0.0079411
1034,0.0018455,0.0025056
983,0.0016228,0.0020643
1458,0.0037138,0.0046632
1091,0.0021506,0.0025611
649,0.0008089,0.0009195
1272,0.0029014,0.0034227
1660,0.0062498,0.0061213
398,0.0003591,0.0004092
1992,0.0113871,0.0084621
1846,0.0069631,0.0074718
888,0.0015037,0.0016904
110,3.65e-05,3.99e-05
1366,0.0034655,0.003976
1197,0.0026115,0.0030701
1990,0.007778,0.0084262
1511,0.0043268,0.0050299
1447,0.0037043,0.0044386
1279,0.0030851,0.0035954
123,4.26e-05,5.11e-05
1582,0.0044864,0.0056957
556,0.0005653,0.0007485
1048,0.0017742,0.0026043
1436,0.0039769,0.0045175
667,0.0007936,0.0009565
560,0.0005984,0.0006714
1737,0.0055255,0.0066736
1774,0.0070852,0.0066914
281,0.000203,0.0002231
1545,0.0070188,0.0051405
1949,0.0086434,0.0080486
1854,0.0072165,0.0073033
692,0.0009046,0.0010612
1012,0.0017887,0.0022298
290,0.0001658,0.0002111
797,0.0010562,0.0013931
712,0.0007861,0.0012847
8,2.7e-06,1.9e-06
1651,0.0051177,0.0061114
518,0.0005642,0.000704
559,0.0004912,0.0006797
1596,0.004991,0.0057409
1327,0.0030526,0.0038554
1155,0.0023669,0.0028606
30,8.6e-06,6.9e-06
198,0.000101,0.0001142
934,0.0014773,0.0018696
1054,0.0018605,0.0023775
373,0.0003016,0.0003621
942,0.0014817,0.0018875
1635,0.0051333,0.0058342
1090,0.002322,0.0027315
219,0.0001131,0.0001362
1860,0.0069683,0.0075827
958,0.0017402,0.0019582
85,2.64e-05,2.65e-05
1256,0.0027883,0.0034692
583,0.000637,0.0007501
1420,0.0037272,0.0043832
1399,0.0034491,0.0042607
1802,0.0061502,0.0070535
805,0.0011327,0.0014119
600,0.0005753,0.0007899
623,0.0006061,0.0008537
1261,0.0028228,0.0035446
1063,0.0022809,0.0025148
1652,0.0053578,0.0061184
113,4.22e-05,4.29e-05
1869,0.0071571,0.0074478
723,0.0009881,0.0011314
1237,0.0027038,0.003346
1427,0.0036214,0.0043232
1147,0.0021998,0.0028522
138,4.35e-05,5.22e-05
1015,0.0016566,0.0023323
1296,0.0029256,0.0036843
126,4.29e-05,4.95e-05
84,2.08e-05,2.02e-05
1919,0.0070356,0.0079909
320,0.0002169,0.0003216
171,6.77e-05,6.92e-05
656,0.0007184,0.000943
40,7.5e-06,1.09e-05
1878,0.0071105,0.0074883
1028,0.0019831,0.0022556
88,2.55e-05,2.3e-05
1977,0.0081299,0.0082891
1434,0.0037934,0.0045545
969,0.0016096,0.0020099
1005,0.00178,0.0021541
32,6.7e-06,7.3e-06
916,0.0015709,0.0018
1638,0.0048707,0.0057669
1804,0.006332,0.0069803
906,0.0016391,0.0017349
1935,0.0074425,0.0079111
318,0.0002207,0.0002909
1740,0.0055941,0.0064168
1703,0.0056656,0.0064805
622,0.000786,0.0008388
895,0.001366,0.0017064
832,0.0012281,0.0015132
1438,0.0039637,0.0046181
293,0.0002075,0.0002398
756,0.0009913,0.0012476
1162,0.0024604,0.0028979
933,0.0017419,0.0018609
1694,0.0055481,0.0063089
1499,0.0041188,0.0049842
59,2.28e-05,1.56e-05
1898,0.0069813,0.0077623
770,0.001202,0.0012952
973,0.0017402,0.0020438
146,6.04e-05,6.92e-05
1481,0.0039533,0.0047232
884,0.0014777,0.0016717
54,2e-05,1.42e-05
961,0.0016953,0.0019851
1628,0.0051869,0.0059323
1950,0.0077336,0.008108
1639,0.0051591,0.0059884
1137,0.0023658,0.0029676
1979,0.0080316,0.0083627
1046,0.0020208,0.0023405
781,0.0011374,0.001486
1701,0.0057067,0.0063733
207,0.0001017,0.0001271
1212,0.0028149,0.0031365
1211,0.0026352,0.0033333
352,0.0002761,0.0002859
1304,0.0031071,0.0038561
1912,0.0071438,0.0078072
525,0.0004755,0.0006047
310,0.0001684,0.0002106
287,0.0001779,0.0002181
1167,0.0025079,0.0029353
478,0.0004521,0.0005489
1187,0.0024267,0.002993
68,2.42e-05,1.87e-05
150,5.89e-05,7.04e-05
53,1.54e-05,1.29e-05
1546,0.0044108,0.0052607
357,0.0002522,0.0003469
1431,0.0036796,0.0045997
264,0.0001458,0.0001935
1628,0.005015,0.0059273
1588,0.0044466,0.0055866
824,0.0011942,0.0014798
830,0.0012167,0.0015842
1402,0.0033137,0.0044137
1837,0.0063819,0.0074378
433,0.000321,0.0004272
492,0.0003937,0.0005212
1580,0.004736,0.0056718
1779,0.0065835,0.0070056
1609,0.0051799,0.0057103
555,0.0006195,0.0006787
584,0.000617,0.0007453
510,0.0004208,0.0005685
1146,0.0023954,0.0028404
754,0.0011311,0.0012281
1337,0.0031293,0.0040284
49,1.3e-05,1.19e-05
964,0.0017293,0.0019913
1450,0.0052844,0.0046899
354,0.0002923,0.0003329
1961,0.0111474,0.0082365
343,0.0002304,0.0011931
683,0.0010747,0.0010619
95,2.94e-05,0.0001189
1934,0.0106419,0.0079521
1317,0.0032125,0.0039197
336,0.0002454,0.0002648
121,4.03e-05,4.01e-05
386,0.0002623,0.0003245
539,0.0005144,0.0006169
1367,0.0035084,0.0040102
1859,0.0070046,0.0083517
1035,0.0027691,0.0022986
1468,0.0051141,0.0048579
146,0.0005233,6.62e-05
391,0.0003302,0.0003253
444,0.0003405,0.0004265
557,0.0005966,0.0006719
201,8.32e-05,0.0001822
459,0.0005538,0.0004943
1727,0.0084824,0.0064403
1878,0.0075082,0.0077607
1210,0.0026385,0.0033301
1454,0.004799,0.0046472
418,0.0003392,0.0003766
121,4.09e-05,3.75e-05
42,8.4e-06,8e-06
836,0.0016224,0.00151
1967,0.0112324,0.0082169
313,0.0001968,0.0002654
1413,0.0039561,0.0045846
853,0.0014385,0.0015464
1170,0.0023945,0.002934
1436,0.0038976,0.0044876
1184,0.0024987,0.0030532
1693,0.0052658,0.0062645
1991,0.0081946,0.0084322
1529,0.0043209,0.0051914
364,0.0002739,0.0003518
133,5.55e-05,5.5e-05
1796,0.0059197,0.0070633
1246,0.0026078,0.0034987
810,0.0010192,0.0014176
777,0.0012149,0.0013093
177,7.62e-05,7.43e-05
1349,0.0033558,0.0040196
1940,0.0072311,0.0080759
245,0.0001347,0.0001685
1540,0.004532,0.0051711
1014,0.0019059,0.0022074
453,0.0004107,0.0004952
1530,0.0043627,0.0051545
111,4.11e-05,4.11e-05
835,0.0011877,0.0014808
467,0.0004345,0.0005489
594,0.0006813,0.0009143
844,0.0013287,0.0014997
1029,0.0018096,0.0022577
884,0.0013817,0.0016518
152,6.12e-05,6.79e-05
